"country","year","mimic","vat_gap","self_employed","admin_capacity","gig_economy","gdp_growth","digital_payments","country_id","divergence_gap","absolute_diff","mimic_vat_ratio","nvt_share_raw","time_trend","covid_dummy","country_group"
"Austria",2015,8.2,9.8,10.8,84,6.5,1,52,1,-0.176279242337992,-1.6,0.828282828282828,0,0,0,"Other"
"Austria",2016,7.8,8.9,10.6,84.5,7,2.2,55,1,-0.130361817863244,-1.1,0.866666666666667,0,1,0,"Other"
"Austria",2017,7.1,8.2,10.4,85,7.5,2.5,58,1,-0.142174488780542,-1.1,0.855421686746988,0,2,0,"Other"
"Austria",2018,6.72,7.6,10.2,85.2,8,2.4,61,1,-0.121360857004268,-0.88,0.872727272727273,0,3,0,"Other"
"Austria",2019,6.1,6.8,10,85.5,8.5,1.5,64,1,-0.106972119552168,-0.7,0.884057971014493,0,4,0,"Other"
"Austria",2020,7.23,4.2,9.9,85.8,9,-6.7,67,1,0.533360493199043,3.03,1.68139534883721,41.9087136929461,5,1,"Other"
"Austria",2021,6.9,3.4,9.8,86,9.5,4.5,70,1,0.693147180559945,3.5,1.97142857142857,50.7246376811594,6,1,"Other"
"Austria",2022,7.05,3,9.7,86.2,10,4.8,73,1,0.835710245214816,4.05,2.2741935483871,57.4468085106383,7,1,"Other"
"Belgium",2015,16.2,12.3,13.2,82,7.2,2,58,2,0.273468635201726,3.9,1.30645161290323,24.0740740740741,0,0,"Other"
"Belgium",2016,16.1,11.8,13.1,82.3,7.7,1.5,61,2,0.308472842120855,4.3,1.35294117647059,26.7080745341615,1,0,"Other"
"Belgium",2017,15.6,11.2,13,82.6,8.2,1.7,64,2,0.328857986635967,4.4,1.38053097345133,28.2051282051282,2,0,"Other"
"Belgium",2018,15.42,10.6,12.9,82.9,8.7,1.8,67,2,0.371885773287212,4.82,1.4411214953271,31.2581063553826,3,0,"Other"
"Belgium",2019,15.09,9.8,12.8,83.2,9.2,1.4,70,2,0.428102559467137,5.29,1.52424242424242,35.0563286944997,4,0,"Other"
"Belgium",2020,16.2,8.7,12.7,83.5,9.7,-5.7,73,2,0.616413386328556,7.5,1.84090909090909,46.2962962962963,5,1,"Other"
"Belgium",2021,16.01,7,12.6,83.8,10.2,6.2,76,2,0.819345413141613,9.01,2.25492957746479,56.2773266708307,6,1,"Other"
"Belgium",2022,16.032,11,12.5,84,10.7,3.2,79,2,0.373859768692833,5.032,1.44432432432432,31.3872255489022,7,1,"Other"
"Bulgaria",2015,30.6,33.8,10.9,48,4.8,3.5,38,3,-0.0991523597932531,-3.2,0.902654867256637,0,0,0,"High Divergence"
"Bulgaria",2016,30.2,32.1,10.7,48.5,5.3,3.9,41,3,-0.0608187400350393,-1.9,0.937888198757764,0,1,0,"High Divergence"
"Bulgaria",2017,29.6,30.5,10.5,49,5.8,3.8,44,3,-0.0298529631496813,-0.899999999999999,0.967320261437909,0,2,0,"High Divergence"
"Bulgaria",2018,30.84,29.2,10.3,49.5,6.3,3.1,47,3,0.0544623291218982,1.64,1.05255972696246,5.3177691309987,3,0,"High Divergence"
"Bulgaria",2019,30.12,27.8,10.1,50,6.8,3.4,50,3,0.0798772680172735,2.32,1.07956989247312,7.70252324037185,4,0,"High Divergence"
"Bulgaria",2020,32.93,24.3,9.9,50.5,7.3,-4.4,53,3,0.302833107103542,8.63,1.34959016393443,26.2071059823869,5,1,"High Divergence"
"Bulgaria",2021,32.41,21.6,9.7,51,7.8,7.6,56,3,0.4042354737694,10.81,1.49354838709677,33.3539031163221,6,1,"High Divergence"
"Bulgaria",2022,33.05,18.9,9.5,51.5,8.3,3.9,59,3,0.556603737465431,14.15,1.73947368421053,42.8139183055976,7,1,"High Divergence"
"Croatia",2015,27.7,5.3,14.3,58,5.3,2.4,44,4,1.63863706712636,22.4,5.12962962962963,80.8664259927798,0,0,"Other"
"Croatia",2016,27.1,4.9,14.1,58.5,5.8,3.5,47,4,1.69377906086785,22.2,5.42,81.9188191881919,1,0,"Other"
"Croatia",2017,26.5,4.6,13.9,59,6.3,3.4,50,4,1.73334870707164,21.9,5.63829787234043,82.6415094339623,2,0,"Other"
"Croatia",2018,27.43,4.2,13.7,59.5,6.8,2.9,53,4,1.856661296455,23.23,6.37906976744186,84.688297484506,3,0,"Other"
"Croatia",2019,26.43,3.9,13.5,60,7.3,3.5,56,4,1.89198180702976,22.53,6.6075,85.2440408626561,4,0,"Other"
"Croatia",2020,29.56,3.5,13.3,60.5,7.8,-8.1,59,4,2.10886549124772,26.06,8.21111111111111,88.1596752368065,5,1,"Other"
"Croatia",2021,29.01,3.2,13.1,61,8.3,13,62,4,2.1771592892851,25.81,8.79090909090909,88.9693209238194,6,1,"Other"
"Croatia",2022,29.67,2.9,12.9,61.5,8.8,6.3,65,4,2.29488888635958,26.77,9.89,90.2258173238962,7,1,"Other"
"Cyprus",2015,25.2,8.7,12.5,70,5.8,3.4,48,5,1.05605267424931,16.5,2.86363636363636,65.4761904761905,0,0,"Other"
"Cyprus",2016,24.3,8.3,12.3,70.5,6.3,6.7,51,5,1.06635142644989,16,2.89285714285714,65.843621399177,1,0,"Other"
"Cyprus",2017,23.7,7.9,12.1,71,6.8,5.2,54,5,1.09024403899759,15.8,2.9625,66.6666666666667,2,0,"Other"
"Cyprus",2018,24.64,7.5,11.9,71.5,7.3,5.2,57,5,1.18027311967206,17.14,3.2421052631579,69.5616883116883,3,0,"Other"
"Cyprus",2019,23.96,7.1,11.7,72,7.8,3.1,60,5,1.20646968452452,16.86,3.32777777777778,70.3672787979967,4,0,"Other"
"Cyprus",2020,26.57,6.4,11.5,72.5,8.3,-5.2,63,5,1.41173716129233,20.17,4.08769230769231,75.9126834776063,5,1,"Other"
"Cyprus",2021,26.21,5.8,11.3,73,8.8,6.6,66,5,1.49499674414053,20.41,4.44237288135593,77.8710415871805,6,1,"Other"
"Cyprus",2022,26.89,5.2,11.1,73.5,9.3,5.5,69,5,1.62775960647184,21.69,5.07358490566038,80.6619561175158,7,1,"Other"
"Czechia",2015,15.1,16.4,16.2,72,6.2,5.4,56,6,-0.0820649530543043,-1.3,0.915151515151515,0,0,0,"Other"
"Czechia",2016,14.9,15.7,16,72.5,6.7,2.5,59,6,-0.0519597389307109,-0.799999999999999,0.943037974683544,0,1,0,"Other"
"Czechia",2017,14.1,14.8,15.8,73,7.2,5.2,62,6,-0.0481192483441983,-0.700000000000001,0.946308724832215,0,2,0,"Other"
"Czechia",2018,13.61,13.9,15.6,73.5,7.7,3.2,65,6,-0.0209318360410355,-0.290000000000001,0.972142857142857,0,3,0,"Other"
"Czechia",2019,13.07,12.7,15.4,74,8.2,3,68,6,0.0284963448296183,0.370000000000001,1.02109375,2.8309104820199,4,0,"Other"
"Czechia",2020,14.22,10.2,15.2,74.5,8.7,-5.5,71,6,0.32951326629691,4.02,1.38058252427184,28.2700421940928,5,1,"Other"
"Czechia",2021,13.92,8.7,15,75,9.2,3.6,74,6,0.465733160122284,5.22,1.58181818181818,37.5,6,1,"Other"
"Czechia",2022,13.48,7.3,14.8,75.5,9.7,2.4,77,6,0.607118121920426,6.18,1.82162162162162,45.8456973293769,7,1,"Other"
"Denmark",2015,12.1,9.1,8.7,94,8.1,2.3,88,7,0.282232467684216,3,1.31521739130435,24.7933884297521,0,0,"Other"
"Denmark",2016,11.9,8.6,8.6,94.2,8.6,3.2,91,7,0.321583624127463,3.3,1.36781609195402,27.7310924369748,1,0,"Other"
"Denmark",2017,11.8,8.2,8.5,94.4,9.1,2.8,94,7,0.360282885314932,3.6,1.42168674698795,30.5084745762712,2,0,"Other"
"Denmark",2018,11.32,7.7,8.4,94.6,9.6,2.8,97,7,0.381242470532318,3.62,1.45128205128205,31.9787985865724,3,0,"Other"
"Denmark",2019,10.87,7.3,8.3,94.8,10.1,2.8,100,7,0.393684274077015,3.57,1.46891891891892,32.8426862925483,4,0,"Other"
"Denmark",2020,11.54,6.5,8.2,95,10.6,-2.1,103,7,0.567377793270912,5.04,1.74848484848485,43.6741767764298,5,1,"Other"
"Denmark",2021,11.23,5.9,8.1,95.2,11.1,4.9,106,7,0.63569460581186,5.33,1.87166666666667,47.4621549421193,6,1,"Other"
"Denmark",2022,10.98,5.4,8,95.4,11.6,3.8,109,7,0.700393589080713,5.58,1.99636363636364,50.8196721311475,7,1,"Other"
"Estonia",2015,26.2,4.2,8.9,86,6.7,1.8,82,8,1.8109539164842,22,6.09302325581395,83.969465648855,0,0,"Other"
"Estonia",2016,25.6,3.9,8.7,86.5,7.2,3,85,8,1.86019663078128,21.7,6.4,84.765625,1,0,"Other"
"Estonia",2017,25.1,3.6,8.5,87,7.7,5.6,88,8,1.9185111748672,21.5,6.78378378378378,85.6573705179283,2,0,"Other"
"Estonia",2018,24.23,3.3,8.3,87.5,8.2,3.7,91,8,1.96793472517332,20.93,7.12647058823529,86.3805200165085,3,0,"Other"
"Estonia",2019,23.45,3,8.1,88,8.7,4.3,94,8,2.02772370897133,20.45,7.56451612903226,87.2068230277186,4,0,"Other"
"Estonia",2020,25.12,2.5,7.9,88.5,9.2,-0.6,97,8,2.27212588550934,22.62,9.66153846153846,90.0477707006369,5,1,"Other"
"Estonia",2021,24.67,2.1,7.7,89,9.7,8.3,100,8,2.421175883137,22.57,11.2136363636364,91.487636805837,6,1,"Other"
"Estonia",2022,24.23,1.8,7.5,89.5,10.2,4,103,8,2.54985627062304,22.43,12.7526315789474,92.5711927362773,7,1,"Other"
"Finland",2015,12.3,6.5,12.3,93,7.5,0.5,86,9,0.630626823578611,5.8,1.86363636363636,47.1544715447154,0,0,"Other"
"Finland",2016,12.1,6.1,12.1,93.2,8,2.8,89,9,0.676886659688165,6,1.95161290322581,49.5867768595041,1,0,"Other"
"Finland",2017,11.7,5.8,11.9,93.4,8.5,3.2,92,9,0.693147180559946,5.9,1.98305084745763,50.4273504273504,2,0,"Other"
"Finland",2018,11.23,5.4,11.7,93.6,9,1.3,95,9,0.72270598280149,5.83,2.04181818181818,51.9145146927872,3,0,"Other"
"Finland",2019,10.76,5.1,11.5,93.8,9.5,1.1,98,9,0.736427688918408,5.66,2.06923076923077,52.6022304832714,4,0,"Other"
"Finland",2020,11.45,4.3,11.3,94,10,-2.3,101,9,0.965080896043587,7.15,2.60227272727273,62.4454148471616,5,1,"Other"
"Finland",2021,11.12,3.8,11.1,94.2,10.5,3,104,9,1.05672134695895,7.32,2.85128205128205,65.8273381294964,6,1,"Other"
"Finland",2022,10.87,3.4,10.9,94.4,11,1.6,107,9,1.14240130579177,7.47,3.10571428571429,68.721251149954,7,1,"Other"
"France",2015,13.8,14.1,11.4,80,9.8,1.1,64,10,-0.0213531244705689,-0.299999999999999,0.971830985915493,0,0,0,"Low Divergence"
"France",2016,13.3,13.5,11.3,80.3,10.3,1.1,67,10,-0.0148150857851408,-0.199999999999999,0.977941176470588,0,1,0,"Low Divergence"
"France",2017,12.8,12.9,11.2,80.6,10.8,2.4,70,10,-0.00772204609391025,-0.0999999999999996,0.984615384615385,0,2,0,"Low Divergence"
"France",2018,12.34,12.3,11.1,80.9,11.3,1.9,73,10,0.0032206147000422,0.0399999999999991,0.995161290322581,0.324149108589944,3,0,"Low Divergence"
"France",2019,11.87,11.6,11,81.2,11.8,1.8,76,10,0.0228146777661711,0.27,1.01452991452991,2.27464195450716,4,0,"Low Divergence"
"France",2020,12.76,9.8,10.9,81.5,12.3,-7.9,79,10,0.261586961668929,2.96,1.28888888888889,23.1974921630094,5,1,"Low Divergence"
"France",2021,12.43,8.5,10.8,81.8,12.8,6.8,82,10,0.376363565648515,3.93,1.4453488372093,31.6170555108608,6,1,"Low Divergence"
"France",2022,12.12,7.6,10.7,82,13.3,2.5,85,10,0.461853624883811,4.52,1.57402597402597,37.2937293729373,7,1,"Low Divergence"
"Germany",2015,12.2,11.2,9.8,91,8.9,1.5,55,11,0.0847965366600767,1,1.07964601769912,8.19672131147541,0,0,"Low Divergence"
"Germany",2016,11.7,10.6,9.7,91.2,9.4,2.2,58,11,0.0978557900037589,1.1,1.09345794392523,9.4017094017094,1,0,"Low Divergence"
"Germany",2017,11.3,9.9,9.6,91.4,9.9,2.7,61,11,0.131028262406404,1.4,1.13,12.3893805309735,2,0,"Low Divergence"
"Germany",2018,10.87,9.3,9.5,91.6,10.4,1.1,64,11,0.15445458501118,1.57,1.1563829787234,14.4434222631095,3,0,"Low Divergence"
"Germany",2019,10.34,8.7,9.4,91.8,10.9,1.1,67,11,0.170892860970332,1.64,1.175,15.8607350096712,4,0,"Low Divergence"
"Germany",2020,11.23,7.2,9.3,92,11.4,-3.7,70,11,0.43957972688557,4.03,1.53835616438356,35.8860195903829,5,1,"Low Divergence"
"Germany",2021,10.98,6.3,9.2,92.2,11.9,3.2,73,11,0.548843690953512,4.68,1.715625,42.6229508196721,6,1,"Low Divergence"
"Germany",2022,10.65,5.6,9.1,92.4,12.4,1.8,76,11,0.634439579733167,5.05,1.86842105263158,47.4178403755869,7,1,"Low Divergence"
"Greece",2015,21.5,28.3,29.4,54,8.3,-0.4,42,12,-0.273695830477041,-6.8,0.757042253521127,0,0,0,"High Divergence"
"Greece",2016,20.9,27.1,29.1,54.5,8.8,-0.2,45,12,-0.258694535578529,-6.2,0.768382352941176,0,1,0,"High Divergence"
"Greece",2017,20.3,25.8,28.8,55,9.3,1.4,48,12,-0.238708067855322,-5.5,0.783783783783784,0,2,0,"High Divergence"
"Greece",2018,21.43,24.5,28.5,55.5,9.8,1.9,51,12,-0.133299131562045,-3.07,0.871138211382114,0,3,0,"High Divergence"
"Greece",2019,20.76,23.1,28.2,56,10.3,1.9,54,12,-0.106318829099638,-2.34,0.894827586206897,0,4,0,"High Divergence"
"Greece",2020,23.12,19.8,27.9,56.5,10.8,-9,57,12,0.154294244539299,3.32,1.16180904522613,14.3598615916955,5,1,"High Divergence"
"Greece",2021,22.67,17.2,27.6,57,11.3,8.4,60,12,0.274737378571915,5.47,1.31040462427746,24.1288045875607,6,1,"High Divergence"
"Greece",2022,23.21,14.9,27.3,57.5,11.8,5.9,63,12,0.440832251945456,8.31,1.54733333333333,35.8035329599311,7,1,"High Divergence"
"Hungary",2015,22.5,14.5,10.2,64,5.5,3.8,50,13,0.436928377563949,8,1.54109589041096,35.5555555555556,0,0,"Medium Divergence"
"Hungary",2016,22.1,13.8,10,63.5,6,2.1,53,13,0.468203448741588,8.3,1.58992805755396,37.5565610859729,1,0,"Medium Divergence"
"Hungary",2017,21.6,13.1,9.8,63,6.5,5.4,56,13,0.497095430954089,8.5,1.63636363636364,39.3518518518519,2,0,"Medium Divergence"
"Hungary",2018,20.98,12.4,9.6,62.5,7,5.4,59,13,0.522596079364906,8.58,1.6784,40.8960915157293,3,0,"Medium Divergence"
"Hungary",2019,20.43,11.6,9.4,62,7.5,4.6,62,13,0.562298389227132,8.83,1.74615384615385,43.220753793441,4,0,"Medium Divergence"
"Hungary",2020,21.87,9.2,9.2,61.5,8,-4.5,65,13,0.859663486237309,12.67,2.35161290322581,57.9332418838592,5,1,"Medium Divergence"
"Hungary",2021,21.45,7.8,9,61,8.5,7.1,68,13,1.00351305707678,13.65,2.71518987341772,63.6363636363636,6,1,"Medium Divergence"
"Hungary",2022,20.98,6.5,8.8,60.5,9,4.6,71,13,1.16125507464078,14.48,3.17878787878788,69.0181124880839,7,1,"Medium Divergence"
"Ireland",2015,11.8,11.8,15.6,88,8.6,25.2,76,14,0,0,0.991596638655462,0,0,0,"Other"
"Ireland",2016,11.3,11.2,15.4,88.3,9.1,2,79,14,0.00881062968215485,0.100000000000001,1,0.884955752212402,1,0,"Other"
"Ireland",2017,10.9,10.6,15.2,88.6,9.6,9.1,82,14,0.0276515313305103,0.300000000000001,1.01869158878505,2.75229357798166,2,0,"Other"
"Ireland",2018,10.45,9.9,15,88.9,10.1,8.5,85,14,0.0535407669280294,0.549999999999999,1.045,5.26315789473683,3,0,"Other"
"Ireland",2019,9.87,9.3,14.8,89.2,10.6,5.6,88,14,0.0588708946977885,0.569999999999999,1.05,5.77507598784193,4,0,"Other"
"Ireland",2020,10.67,7.8,14.6,89.5,11.1,6.2,91,14,0.309901731695322,2.87,1.35063291139241,26.8978444236176,5,1,"Other"
"Ireland",2021,10.34,6.7,14.4,89.8,11.6,13.5,94,14,0.428721970272432,3.64,1.52058823529412,35.2030947775629,6,1,"Other"
"Ireland",2022,10.12,5.9,14.2,90,12.1,12.2,97,14,0.532587115547503,4.22,1.68666666666667,41.699604743083,7,1,"Other"
"Italy",2015,20.6,25.9,22.3,62,9.2,0.8,46,15,-0.227962837750159,-5.3,0.792307692307692,0,0,0,"Medium Divergence"
"Italy",2016,20.1,24.7,22.1,62.5,9.7,1.3,49,15,-0.205161048763777,-4.6,0.810483870967742,0,1,0,"Medium Divergence"
"Italy",2017,19.8,23.5,21.9,63,10.2,1.7,52,15,-0.170526980301118,-3.7,0.838983050847458,0,2,0,"Medium Divergence"
"Italy",2018,19.23,22.3,21.7,63.5,10.7,0.9,55,15,-0.147402665640755,-3.07,0.858482142857143,0,3,0,"Medium Divergence"
"Italy",2019,18.76,21.1,21.5,64,11.2,0.5,58,15,-0.116957904472655,-2.34,0.884905660377358,0,4,0,"Medium Divergence"
"Italy",2020,20.12,18.2,21.3,64.5,11.7,-9,61,15,0.0997711537449502,1.92,1.09945355191257,9.5427435387674,5,1,"Medium Divergence"
"Italy",2021,19.87,15.9,21.1,65,12.2,7,64,15,0.221642425187943,3.97,1.241875,19.9798691494716,6,1,"Medium Divergence"
"Italy",2022,19.54,13.8,20.9,65.5,12.7,3.7,67,15,0.345679462789674,5.74,1.40575539568345,29.3756397134084,7,1,"Medium Divergence"
"Latvia",2015,23.6,17.3,9.5,70,5.1,3,68,16,0.309004841920602,6.3,1.35632183908046,26.6949152542373,0,0,"Other"
"Latvia",2016,23.1,16.5,9.3,70.5,5.6,2.4,71,16,0.334749583309767,6.6,1.39156626506024,28.5714285714286,1,0,"Other"
"Latvia",2017,22.5,15.7,9.1,71,6.1,3.3,74,16,0.357939966245319,6.8,1.42405063291139,30.2222222222222,2,0,"Other"
"Latvia",2018,21.87,14.9,8.9,71.5,6.6,3.2,77,16,0.381627685294309,6.97,1.458,31.870141746685,3,0,"Other"
"Latvia",2019,21.23,14,8.7,72,7.1,2,80,16,0.413939735099137,7.23,1.50567375886525,34.0555817239755,4,0,"Other"
"Latvia",2020,22.56,11.3,8.5,72.5,7.6,-2.2,83,16,0.68698790019941,11.26,1.97894736842105,49.9113475177305,5,1,"Other"
"Latvia",2021,22.12,9.5,8.3,73,8.1,4.5,86,16,0.839229685737693,12.62,2.30416666666667,57.0524412296564,6,1,"Other"
"Latvia",2022,21.67,7.9,8.1,73.5,8.6,3,89,16,1.00109133356662,13.77,2.70875,63.5440701430549,7,1,"Other"
"Lithuania",2015,25.8,21.4,10.7,72,4.9,2,62,17,0.186190033571875,4.4,1.2,17.0542635658915,0,0,"Other"
"Lithuania",2016,25.3,20.4,10.5,72.5,5.4,2.6,65,17,0.214324287880129,4.9,1.23414634146341,19.3675889328063,1,0,"Other"
"Lithuania",2017,24.7,19.4,10.3,73,5.9,4.3,68,17,0.240429187601236,5.3,1.26666666666667,21.4574898785425,2,0,"Other"
"Lithuania",2018,23.98,18.3,10.1,73.5,6.4,4,71,17,0.26903095582568,5.68,1.30326086956522,23.6864053377815,3,0,"Other"
"Lithuania",2019,23.34,17.2,9.9,74,6.9,4.3,74,17,0.303737463205079,6.14,1.34913294797688,26.3067694944302,4,0,"Other"
"Lithuania",2020,24.87,13.9,9.7,74.5,7.4,0,77,17,0.578617774676423,10.97,1.77642857142857,44.1093687173301,5,1,"Other"
"Lithuania",2021,24.45,11.8,9.5,75,7.9,6,80,17,0.724173454123046,12.65,2.0546218487395,51.7382413087935,6,1,"Other"
"Lithuania",2022,23.98,9.9,9.3,75.5,8.4,1.9,83,17,0.878796527446574,14.08,2.398,58.7155963302752,7,1,"Other"
"Luxembourg",2015,9.4,8.9,7.8,92,7.3,4.3,74,18,0.0540672212702757,0.5,1.04444444444444,5.31914893617021,0,0,"Other"
"Luxembourg",2016,9.1,8.4,7.7,92.2,7.8,4.6,77,18,0.0791373205587238,0.699999999999999,1.07058823529412,7.69230769230768,1,0,"Other"
"Luxembourg",2017,8.7,7.9,7.6,92.4,8.3,1.8,80,18,0.0953101798043248,0.799999999999999,1.0875,9.19540229885056,2,0,"Other"
"Luxembourg",2018,8.34,7.4,7.5,92.6,8.8,3.1,83,18,0.118079288065601,0.94,1.112,11.2709832134293,3,0,"Other"
"Luxembourg",2019,7.98,6.9,7.4,92.8,9.3,2.3,86,18,0.143481723477691,1.08,1.14,13.5338345864662,4,0,"Other"
"Luxembourg",2020,8.67,5.8,7.3,93,9.8,-0.8,89,18,0.396384455472418,2.87,1.46949152542373,33.1026528258362,5,1,"Other"
"Luxembourg",2021,8.45,5.1,7.2,93.2,10.3,6.9,92,18,0.497272657361287,3.35,1.625,39.6449704142012,6,1,"Other"
"Luxembourg",2022,8.23,4.6,7.1,93.4,10.8,1.4,95,18,0.572300947462739,3.63,1.75106382978723,44.1069258809235,7,1,"Other"
"Malta",2015,23.8,35.2,11.9,76,6.1,9.9,60,19,-0.390004505001786,-11.4,0.674220963172804,0,0,0,"Other"
"Malta",2016,23.2,33.8,11.7,76.5,6.6,5.6,63,19,-0.37496165381475,-10.6,0.684365781710914,0,1,0,"Other"
"Malta",2017,22.7,32.3,11.5,77,7.1,6.7,66,19,-0.351397886837888,-9.6,0.700617283950617,0,2,0,"Other"
"Malta",2018,22.13,30.7,11.3,77.5,7.6,5.5,69,19,-0.326071962003424,-8.57,0.718506493506493,0,3,0,"Other"
"Malta",2019,21.56,29.1,11.1,78,8.1,5.5,72,19,-0.298701467701392,-7.54,0.738356164383562,0,4,0,"Other"
"Malta",2020,23.45,25.1,10.9,78.5,8.6,-7,75,19,-0.0677181740549511,-1.65,0.930555555555555,0,5,1,"Other"
"Malta",2021,23.01,22.3,10.7,79,9.1,12.5,78,19,0.0312044654252954,0.710000000000001,1.02723214285714,3.08561495002173,6,1,"Other"
"Malta",2022,22.67,19.7,10.5,79.5,9.6,6.9,81,19,0.139761942375159,2.97,1.14494949494949,13.1010145566829,7,1,"Other"
"Netherlands",2015,9,6.8,14.7,93,10.5,2,92,20,0.276753001919591,2.2,1.30434782608696,24.4444444444444,0,0,"Low Divergence"
"Netherlands",2016,8.7,6.4,14.6,93.2,11,2.2,95,20,0.302949544582569,2.3,1.33846153846154,26.4367816091954,1,0,"Low Divergence"
"Netherlands",2017,8.3,6,14.5,93.4,11.5,2.9,98,20,0.319942934670002,2.3,1.36065573770492,27.710843373494,2,0,"Low Divergence"
"Netherlands",2018,7.98,5.6,14.4,93.6,12,2.4,101,20,0.3489256976925,2.38,1.4,29.8245614035088,3,0,"Low Divergence"
"Netherlands",2019,7.65,5.2,14.3,93.8,12.5,1.7,104,20,0.379986022807179,2.45,1.44339622641509,32.0261437908497,4,0,"Low Divergence"
"Netherlands",2020,8.34,4.3,14.2,94,13,-3.8,107,20,0.65137776768365,4.04,1.89545454545455,48.4412470023981,5,1,"Low Divergence"
"Netherlands",2021,8.12,3.7,14.1,94.2,13.5,4.9,110,20,0.771569142335748,4.42,2.13684210526316,54.4334975369458,6,1,"Low Divergence"
"Netherlands",2022,7.89,3.2,14,94.4,14,4.3,113,20,0.884268291305749,4.69,2.39090909090909,59.4423320659062,7,1,"Low Divergence"
"Poland",2015,23.3,24.7,18.9,68,7.8,3.8,54,21,-0.0581076308072808,-1.4,0.939516129032258,0,0,0,"Medium Divergence"
"Poland",2016,22.9,23.6,18.7,68.5,8.3,3.1,57,21,-0.0299808322119359,-0.700000000000003,0.966244725738396,0,1,0,"Medium Divergence"
"Poland",2017,22.4,22.4,18.5,69,8.8,5.4,60,21,0,0,0.995555555555556,0,2,0,"Medium Divergence"
"Poland",2018,21.76,21.2,18.3,69.5,9.3,5.4,63,21,0.0259514100330129,0.560000000000002,1.02159624413146,2.57352941176472,3,0,"Medium Divergence"
"Poland",2019,21.12,19.9,18.1,70,9.8,4.7,66,21,0.0592118596318465,1.22,1.056,5.77651515151516,4,0,"Medium Divergence"
"Poland",2020,22.67,16.2,17.9,70.5,10.3,-2,69,21,0.334278772262932,6.47,1.39079754601227,28.5399205999118,5,1,"Medium Divergence"
"Poland",2021,22.34,13.8,17.7,71,10.8,6.8,72,21,0.47895624051785,8.54,1.60719424460432,38.2273948075201,6,1,"Medium Divergence"
"Poland",2022,21.89,11.6,17.5,71.5,11.3,5.1,75,21,0.63099896276296,10.29,1.87094017094017,47.0077661032435,7,1,"Medium Divergence"
"Portugal",2015,17.2,9.2,16.8,74,8.7,1.8,52,22,0.620692101344523,8,1.8494623655914,46.5116279069767,0,0,"Other"
"Portugal",2016,16.8,8.7,16.6,74.5,9.2,2,55,22,0.652561900444868,8.1,1.90909090909091,48.2142857142857,1,0,"Other"
"Portugal",2017,16.4,8.3,16.4,75,9.7,3.5,58,22,0.675128675057267,8.1,1.95238095238095,49.390243902439,2,0,"Other"
"Portugal",2018,15.98,7.8,16.2,75.5,10.2,2.8,61,22,0.710713504277845,8.18,2.02278481012658,51.188986232791,3,0,"Other"
"Portugal",2019,15.43,7.4,16,76,10.7,2.5,64,22,0.727870616618331,8.03,2.05733333333333,52.0414776409592,4,0,"Other"
"Portugal",2020,16.56,6.2,15.8,76.5,11.2,-8.3,67,22,0.97246100334121,10.36,2.62857142857143,62.56038647343,5,1,"Other"
"Portugal",2021,16.23,5.4,15.6,77,11.7,5.5,70,22,1.08825581474395,10.83,2.95090909090909,66.728280961183,6,1,"Other"
"Portugal",2022,15.87,4.8,15.4,77.5,12.2,6.7,73,22,1.18147675711034,11.07,3.23877551020408,69.7542533081285,7,1,"Other"
"Romania",2015,27.7,37.2,15.2,52,6.9,3.7,36,23,-0.293957305953179,-9.5,0.742627345844504,0,0,0,"High Divergence"
"Romania",2016,27.1,35.8,15,52.5,7.4,4.8,39,23,-0.277520322192281,-8.7,0.754874651810585,0,1,0,"High Divergence"
"Romania",2017,26.5,34.3,14.8,53,7.9,7.3,42,23,-0.257145348591699,-7.8,0.770348837209302,0,2,0,"High Divergence"
"Romania",2018,27.43,32.8,14.6,53.5,8.4,4.5,45,23,-0.17819633861681,-5.37,0.833738601823708,0,3,0,"High Divergence"
"Romania",2019,26.43,31.2,14.4,54,8.9,4.2,48,23,-0.165341929396459,-4.77,0.844408945686901,0,4,0,"High Divergence"
"Romania",2020,29.56,27.1,14.2,54.5,9.4,-3.7,51,23,0.086582363407834,2.46,1.08676470588235,8.32205683355886,5,1,"High Divergence"
"Romania",2021,29.01,24.2,14,55,9.9,5.7,54,23,0.180605407411029,4.81,1.19382716049383,16.580489486384,6,1,"High Divergence"
"Romania",2022,29.67,21.5,13.8,55.5,10.4,4.6,57,23,0.320807860337566,8.17,1.37361111111111,27.536231884058,7,1,"High Divergence"
"Slovakia",2015,14.2,29.4,14.5,66,5.7,5,58,24,-0.724130726079913,-15.2,0.48135593220339,0,0,0,"Other"
"Slovakia",2016,13.9,28.1,14.3,66.5,6.2,2.1,61,24,-0.70026464832881,-14.2,0.49290780141844,0,1,0,"Other"
"Slovakia",2017,13.5,26.7,14.1,67,6.7,2.5,64,24,-0.678332094774805,-13.2,0.503731343283582,0,2,0,"Other"
"Slovakia",2018,13.12,25.3,13.9,67.5,7.2,2.4,67,24,-0.653018339600951,-12.18,0.516535433070866,0,3,0,"Other"
"Slovakia",2019,12.67,23.8,13.7,68,7.7,2.3,70,24,-0.626779788893017,-11.13,0.530125523012552,0,4,0,"Other"
"Slovakia",2020,13.78,19.8,13.5,68.5,8.2,-3.4,73,24,-0.360270776651789,-6.02,0.692462311557789,0,5,1,"Other"
"Slovakia",2021,13.45,17.1,13.3,69,8.7,3,76,24,-0.238522836493698,-3.65,0.781976744186046,0,6,1,"Other"
"Slovakia",2022,13.12,14.7,13.1,69.5,9.2,1.7,79,24,-0.112896346346529,-1.58,0.886486486486487,0,7,1,"Other"
"Slovenia",2015,23.1,5.1,11.3,76,6.4,2.2,64,25,1.49549365308488,18,4.44230769230769,77.9220779220779,0,0,"Other"
"Slovenia",2016,22.6,4.8,11.1,76.5,6.9,3.2,67,25,1.53312971937078,17.8,4.61224489795918,78.7610619469027,1,0,"Other"
"Slovenia",2017,22.1,4.5,10.9,77,7.4,4.8,70,25,1.57403598538318,17.6,4.80434782608696,79.6380090497738,2,0,"Other"
"Slovenia",2018,21.45,4.2,10.7,77.5,7.9,4.4,73,25,1.61176079385024,17.25,4.98837209302326,80.4195804195804,3,0,"Other"
"Slovenia",2019,20.87,3.9,10.5,78,8.4,3.2,76,25,1.65679848379394,16.97,5.2175,81.3128893148059,4,0,"Other"
"Slovenia",2020,22.34,3.3,10.3,78.5,8.9,-4.2,79,25,1.88706964903238,19.04,6.57058823529412,85.2282900626679,5,1,"Other"
"Slovenia",2021,21.98,2.9,10.1,79,9.4,8.2,82,25,1.99605993274079,19.08,7.32666666666667,86.8061874431301,6,1,"Other"
"Slovenia",2022,21.56,2.6,9.9,79.5,9.9,2.5,85,25,2.08221546856256,18.96,7.98518518518518,87.9406307977737,7,1,"Other"
"Spain",2015,17.6,3.5,16.4,76,10.1,3.8,62,26,1.59263079411772,14.1,4.88888888888889,80.1136363636364,0,0,"Medium Divergence"
"Spain",2016,17.2,3.2,16.2,76.5,10.6,3,65,26,1.6567840330313,14,5.21212121212121,81.3953488372093,1,0,"Medium Divergence"
"Spain",2017,16.8,2.9,16,77,11.1,2.9,68,26,1.72870133326092,13.9,5.6,82.7380952380952,2,0,"Medium Divergence"
"Spain",2018,16.34,2.6,15.8,77.5,11.6,2,71,26,1.80646561661775,13.74,6.05185185185185,84.0881272949816,3,0,"Medium Divergence"
"Spain",2019,15.87,2.3,15.6,78,12.1,2.1,74,26,1.89524322487302,13.57,6.6125,85.5072463768116,4,0,"Medium Divergence"
"Spain",2020,17.01,1.9,15.4,78.5,12.6,-11.3,77,26,2.14651590734416,15.11,8.505,88.830099941211,5,1,"Medium Divergence"
"Spain",2021,16.67,1.6,15.2,79,13.1,6.4,80,26,2.28896332477295,15.07,9.80588235294118,90.4019196160768,6,1,"Medium Divergence"
"Spain",2022,16.34,1.4,15,79.5,13.6,5.8,83,26,2.39425228151987,14.94,10.8933333333333,91.4320685434516,7,1,"Medium Divergence"
"Sweden",2015,13.2,2.2,8.9,94,9.3,4.5,94,27,1.7548549122926,11,5.73913043478261,83.3333333333333,0,0,"Low Divergence"
"Sweden",2016,12.8,2,8.8,94.2,9.8,2.1,97,27,1.81528996663825,10.8,6.09523809523809,84.375,1,0,"Low Divergence"
"Sweden",2017,12.4,1.8,8.7,94.4,10.3,2.6,100,27,1.88387475813586,10.6,6.52631578947368,85.4838709677419,2,0,"Low Divergence"
"Sweden",2018,11.98,1.6,8.6,94.6,10.8,2.6,103,27,1.9609229414445,10.38,7.04705882352941,86.644407345576,3,0,"Low Divergence"
"Sweden",2019,11.54,1.4,8.5,94.8,11.3,1.5,106,27,2.04898233419513,10.14,7.69333333333333,87.8682842287695,4,0,"Low Divergence"
"Sweden",2020,12.34,1.2,8.4,95,11.8,-2.8,109,27,2.25855282284354,11.14,9.49230769230769,90.2755267423015,5,1,"Low Divergence"
"Sweden",2021,12.01,1,8.3,95.2,12.3,5.1,112,27,2.39872137776068,11.01,10.9181818181818,91.6736053288926,6,1,"Low Divergence"
"Sweden",2022,11.76,0.9,8.2,95.4,12.8,2.9,115,27,2.47317139356958,10.86,11.76,92.3469387755102,7,1,"Low Divergence"
