Country,Year,InternetAccess,ShadowEconomy,FinalConsumption,StandardVAT,Urbanizare,VAB.Agriculture,CPI_Score,GDP_per_capita,Unemployment_rate,Value
Austria,2012,79.28,7.6,51.5,20,57.147,1.417681343,69,37570,5.2,0.0833
Austria,2013,80.86,7.5,51.6,20,57.336,1.277849921,69,37890,5.7,0.0965
Austria,2014,80.99,7.8,51.1,20,57.526,1.275558018,72,38640,6,0.0858
Austria,2015,82.42,8.2,50.4,20,57.715,1.143628542,76,39640,6.1,0.0805
Austria,2016,85.09,7.8,50.1,20,57.905,1.149282641,75,40690,6.5,0.0767
Austria,2017,88.79,7.1,50.3,20,58.094,1.199902031,75,41760,5.9,0.0781
Austria,2018,88.78,6.7,49.7,20,58.297,1.10911414,76,43360,5.2,0.0823
Austria,2019,89.91,6.1,49.2,20,58.515,1.044634137,77,44570,4.8,0.0671
Austria,2020,90.4,7.2,47.6,20,58.748,1.071381133,76,42650,6,0.0578
Austria,2021,95,6.9,47.6,20,58.995,1.215938484,74,45380,6.2,0.0259
Austria,2022,93.15,6.6,49,20,59.256,1.374751038,71,49640,4.8,0.03
Belgium,2012,77.71,16.8,51.5,21,97.744,0.844574695,75,34930,7.6,0.1516
Belgium,2013,80.05,16.4,51.8,21,97.789,0.764565478,75,35360,8.6,0.1344
Belgium,2014,82.8,16.1,51.4,21,97.833,0.716518219,76,36130,8.7,0.0984
Belgium,2015,81.83,16.2,51.3,21,97.876,0.750617272,77,36860,8.7,0.1291
Belgium,2016,84.79,16.1,51.3,21,97.919,0.673190544,77,37810,7.9,0.1118
Belgium,2017,85.97,15.6,51.5,21,97.961,0.729532583,75,38980,7.2,0.1246
Belgium,2018,87.27,15.4,51.6,21,98.001,0.664625571,75,40210,6,0.1219
Belgium,2019,89.73,15.1,50.9,21,98.041,0.718789584,75,41730,5.5,0.1307
Belgium,2020,90.86,16.2,49.2,21,98.079,0.712818024,76,40190,5.8,0.1349
Belgium,2021,91.97,16,48.9,21,98.117,0.654899385,73,43680,6.3,0.07
Belgium,2022,94.44,16,50.5,21,98.153,0.697006708,73,48060,5.6,0.1104
Bulgaria,2012,50.92,31.9,65.2,20,72.975,4.430140024,41,5820,13.3,0.1939
Bulgaria,2013,53.71,31.2,62,20,73.313,4.515416945,41,5870,13.9,0.1427
Bulgaria,2014,56.65,31,62.3,20,73.651,4.55871705,43,6080,12.4,0.2013
Bulgaria,2015,59.14,30.6,61.5,20,73.99,4.061975774,41,6560,10.1,0.1748
Bulgaria,2016,63.54,30.2,59.9,20,74.329,4.05489853,41,7070,8.6,0.1026
Bulgaria,2017,67.33,29.6,59.7,20,74.669,4.043176898,43,7720,7.2,0.0606
Bulgaria,2018,72.13,30.8,59.1,20,75.008,3.396683202,42,8340,6.2,0.0891
Bulgaria,2019,75.07,30.1,58.6,20,75.347,3.196164805,43,9250,5.2,0.0936
Bulgaria,2020,78.85,32.9,57.6,20,75.686,3.43289246,44,9440,6.1,0.0598
Bulgaria,2021,83.53,32.4,57.5,20,76.025,4.326921155,42,10960,5.2,0.0373
Bulgaria,2022,87.31,33.1,57.5,20,76.363,3.71123769,43,13310,4.2,0.0765
Croatia,2012,66.41,29,59.8,25,55.506,3.283690942,46,10540,16.1,0.125
Croatia,2013,64.58,28.4,59.7,25,55.706,3.437323781,48,10590,17.3,0.12
Croatia,2014,68.37,28,58.2,25,55.923,2.938534014,48,10560,17.3,0.115
Croatia,2015,76.71,27.7,56.7,25,56.155,2.963465867,51,10960,16.2,0.1092
Croatia,2016,77.34,27.1,55.9,25,56.403,3.05956715,49,11610,13,0.084
Croatia,2017,76.45,26.5,55.6,25,56.667,2.8900347,49,12430,11.1,0.0689
Croatia,2018,81.52,27.4,55.5,25,56.947,2.950857886,48,13310,8.3,0.0741
Croatia,2019,80.52,26.4,55.5,25,57.242,2.856814032,47,14130,6.6,0.0118
Croatia,2020,85,29.6,57.3,25,57.553,3.128443478,47,12980,7.4,0.1012
Croatia,2021,86.09,29,56.7,25,57.878,3.359517243,47,15070,7.5,0.1092
Croatia,2022,85.52,29.7,57.8,25,58.219,3.393120137,50,17540,6.8,0.1203
Cyprus,2012,61.82,25.6,66,17,67.261,2.001280099,66,22610,11.9,0.1636
Cyprus,2013,64.71,25.2,66,18,67.137,2.036335667,63,20940,15.9,0.1636
Cyprus,2014,68.64,25.7,67.7,19,67.031,1.844876212,63,20320,16.1,0.1636
Cyprus,2015,71.21,24.8,66.3,19,66.946,1.867984518,61,20810,15,0.1636
Cyprus,2016,74.35,24.2,64.5,19,66.881,2.143762199,55,21930,13,0.1733
Cyprus,2017,79.41,23.6,63.9,19,66.836,1.852632982,57,23230,11.1,0.1925
Cyprus,2018,86.17,23.2,64,19,66.81,1.718138099,59,24660,8.4,0.1252
Cyprus,2019,89.61,22.1,62.5,19,66.805,1.748205429,58,26110,7.2,0.1209
Cyprus,2020,92.78,24.3,60.5,19,66.821,1.825335692,57,24630,7.6,0.1622
Cyprus,2021,93.41,23.7,55.9,19,66.856,1.502502717,53,27850,7.2,0.0617
Cyprus,2022,94,23.9,56.9,19,66.911,1.175794553,52,31560,6.3,-0.0067
Czechia,2012,72.55,16,49.5,20,73.197,2.231626662,49,15590,7,0.206
Czechia,2013,72.62,15.5,49.6,21,73.29,2.347583156,48,15280,7,0.1949
Czechia,2014,77.99,15.3,48.4,21,73.384,2.392695645,51,15140,6.1,0.1701
Czechia,2015,78.98,15.1,47.5,21,73.477,2.258925714,56,16230,5.1,0.1775
Czechia,2016,81.65,14.9,47.7,21,73.57,2.148097369,55,17040,4,0.1536
Czechia,2017,83.24,14.1,47.9,21,73.675,2.105459688,57,18700,2.9,0.1247
Czechia,2018,86.36,13.6,48.2,21,73.792,1.968562247,59,20270,2.2,0.1339
Czechia,2019,87,13.1,47.5,21,73.921,1.891517709,56,21740,2,0.1347
Czechia,2020,88.02,14.2,46.2,21,74.061,1.943991388,54,20980,2.6,0.1178
Czechia,2021,89.31,13.9,46.3,21,74.214,1.758866665,54,23430,2.8,0.0666
Czechia,2022,91.48,13.5,47.6,21,74.377,2.076349755,56,26670,2.2,0.0423
Denmark,2012,92,13.4,46.8,25,87.142,1.617582199,90,45490,7.8,0.1193
Denmark,2013,92.71,13,46.9,25,87.292,1.256640415,91,46240,7.4,0.1291
Denmark,2014,93.12,12.8,46,25,87.41,1.353427202,92,47070,6.9,0.115
Denmark,2015,91.74,12,45.9,25,87.526,0.908318061,91,47900,6.3,0.1102
Denmark,2016,94.34,11.6,45.8,25,87.642,0.928797805,90,49270,6,0.0941
Denmark,2017,97,10.9,45.6,25,87.757,1.259858067,88,51060,5.8,0.0902
Denmark,2018,92.66,9.3,46.5,25,87.874,0.997044887,88,51950,5.1,0.0876
Denmark,2019,95.43,8.9,46.4,25,87.994,1.241227412,87,53040,5,0.083
Denmark,2020,95.27,9.8,45.4,25,88.116,1.337520087,88,53540,5.6,0.0428
Denmark,2021,96.14,9.6,44.6,25,88.24,0.989499886,88,58640,5.1,0.0452
Denmark,2022,95.16,9.7,42.3,25,88.367,0.789585487,90,64430,4.5,0.0863
Estonia,2012,73.82,28.2,49.8,20,67.974,3.284322905,64,13650,9.9,0.1423
Estonia,2013,79.31,27.6,50.6,20,68.122,3.047429737,68,14520,8.6,0.1579
Estonia,2014,82.9,27.1,49.9,20,68.269,3.114961617,69,15480,7.3,0.1214
Estonia,2015,87.73,26.2,50.7,20,68.416,2.806421529,70,16000,6.4,0.0738
Estonia,2016,86.19,25.4,50.8,20,68.563,2.071597861,70,16860,6.8,0.072
Estonia,2017,88.27,24.6,49.6,20,68.717,2.338855966,71,18480,5.8,0.0679
Estonia,2018,90.47,23.2,49.4,20,68.88,2.0493847,73,20040,5.4,0.056
Estonia,2019,90.43,22.1,49.2,20,69.051,2.265648963,74,21490,4.5,0.0554
Estonia,2020,89.98,23.6,49.1,20,69.229,1.931815274,75,20960,6.9,0.0485
Estonia,2021,91.82,23.1,48.7,20,69.415,1.922000214,74,23650,6.2,0.0153
Estonia,2022,92.41,22.7,51.1,20,69.609,2.435155582,74,27260,5.6,0.044
Finland,2012,86.8,13.3,51.6,23,84.841,2.188363992,90,37010,7.9,0.0475
Finland,2013,89.24,13,51.9,24,85.125,2.211826219,89,37410,8.3,0.0521
Finland,2014,89.83,12.9,52.2,24,85.175,2.217580336,89,37690,8.7,0.0546
Finland,2015,89.93,12.4,52.2,24,85.225,2.060497069,90,38350,9.4,0.0481
Finland,2016,91.95,12,51.9,24,85.275,2.089775029,89,39250,8.9,0.0412
Finland,2017,94.42,11.5,50.5,24,85.325,2.068035567,85,40790,8.7,0.0543
Finland,2018,94.28,11,50.2,24,85.382,2.114227809,85,42040,7.5,0.0378
Finland,2019,94.36,10.6,49.5,24,85.446,2.189771841,86,43200,6.8,0.0466
Finland,2020,96,11.4,48.4,24,85.517,2.24039393,85,42740,7.7,0.0315
Finland,2021,96.56,10.9,48.5,24,85.596,2.159074464,88,44890,7.7,0.0297
Finland,2022,97.59,10.8,48.6,24,85.681,2.241343679,87,47890,6.8,0.0522
France,2012,80,10.8,52.7,19.6,78.878,1.52594469,71,31950,9.8,0.1104
France,2013,81.72,9.9,52.6,19.6,79.135,1.361401379,71,32280,10.3,0.0937
France,2014,82.96,10.8,52.3,20,79.394,1.461546001,69,32620,10.3,0.0963
France,2015,82.62,12.3,52.1,20,79.655,1.50360116,70,33200,10.3,0.0877
France,2016,85.87,12.6,52.4,20,79.917,1.337984726,69,33530,10.1,0.0809
France,2017,86.41,12.8,52.2,20,80.18,1.434960065,70,34290,9.4,0.086
France,2018,88.56,12.5,52.3,20,80.444,1.531101705,72,35080,9,0.0782
France,2019,90.17,12.4,51.9,20,80.709,1.408284855,69,36090,8.4,0.0816
France,2020,86.389,13.6,51.3,20,80.975,1.460434266,69,34280,8,0.0797
France,2021,93.33,13.1,50.6,20,81.242,1.463345415,71,36920,7.9,0.06
France,2022,92.25,14.2,51.8,20,81.509,1.763097195,72,38920,7.3,0.0603
Germany,2012,85.5,12.5,53.7,19,77.17,0.911054928,79,34820,5.1,0.1121
Germany,2013,87.75,12.1,53.3,19,77.18,0.92687146,78,35600,4.9,0.1146
Germany,2014,89.47,11.6,52.3,19,77.19,0.915391753,79,36960,4.7,0.1135
Germany,2015,90.29,11.2,52,19,77.2,0.708829582,81,37950,4.4,0.0868
Germany,2016,92.14,10.8,51.7,19,77.224,0.730325302,81,39030,3.9,0.0889
Germany,2017,92.86,10.4,51.1,19,77.261,0.860523969,81,40630,3.5,0.0878
Germany,2018,94.39,9.7,51.2,19,77.312,0.743078811,80,41800,3.2,0.0904
Germany,2019,94.83,8.5,51.3,19,77.376,0.833691667,80,43030,2.9,0.0846
Germany,2020,95.8,10.4,49.1,17.5,77.453,0.728891878,80,42020,3.6,0.0606
Germany,2021,91.88,10,48.5,19,77.544,0.742181337,80,44910,3.6,0.0442
Germany,2022,91.41,8.8,51,19,77.648,1.003958167,79,48340,3.1,0.0432
Greece,2012,53.58,24,68.3,23,77.004,3.419082078,36,16830,24.8,0.2478
Greece,2013,56.31,23.6,67.8,23,77.355,3.351462239,40,16240,27.8,0.2822
Greece,2014,65.55,23.3,67,23,77.702,3.533461054,43,16160,26.6,0.2185
Greece,2015,68.09,22.4,66.6,23,78.046,3.821537988,46,16210,25,0.257
Greece,2016,69.13,22,66.5,23.5,78.387,3.458129415,44,16190,23.9,0.2469
Greece,2017,70.96,21.5,67.4,24,78.724,3.75227021,48,16490,21.8,0.2897
Greece,2018,76.49,20.8,67.8,24,79.058,3.525730903,45,16830,19.7,0.2543
Greece,2019,78.54,19.2,67.9,24,79.388,3.661519339,48,17270,17.9,0.2396
Greece,2020,80.38,20.9,69.5,24,79.715,3.923829481,50,15660,17.6,0.2148
Greece,2021,85.07,20.3,67,24,80.038,3.531734881,49,17350,14.7,0.1747
Greece,2022,85.49,20.93,69.6,24,80.357,3.75329561,52,19570,12.5,0.1371
Hungary,2012,66.81,22.5,52.1,27,69.678,3.888507539,55,10090,10.7,0.2225
Hungary,2013,69.66,22.1,50.4,27,69.953,3.922537345,54,10350,9.8,0.2167
Hungary,2014,73.06,21.6,48.3,27,70.227,3.945298304,54,10810,7.5,0.191
Hungary,2015,75.64,21.9,47.3,27,70.5,3.761355482,51,11520,6.6,0.1648
Hungary,2016,79.18,22.2,48.2,27,70.779,3.867725721,48,11950,5,0.1419
Hungary,2017,82.35,22.4,48.3,27,71.062,3.748946669,45,13080,4,0.143
Hungary,2018,83.31,22.7,47.3,27,71.351,3.471627303,46,14070,3.6,0.1021
Hungary,2019,86.2,23.2,47.3,27,71.644,3.325051122,44,15200,3.3,0.1111
Hungary,2020,87.63,26,47.7,27,71.942,3.362546854,44,14370,4.1,0.0813
Hungary,2021,90.78,25,46.7,27,72.245,3.457830969,43,16090,4,0.0474
Hungary,2022,91.44,25.4,48.4,27,72.552,3.133662489,42,17550,3.6,0.0231
Ireland,2012,81.09,12.7,43.5,23,61.942,0.984770378,69,38420,15.5,0.12
Ireland,2013,82.39,12.2,42.8,23,62.141,1.068345947,72,39590,13.8,0.0702
Ireland,2014,82.17,11.8,40.5,23,62.34,1.215970497,74,43120,11.9,0.0351
Ireland,2015,84.86,11.3,31,23,62.538,0.86786144,75,57980,9.9,0.0907
Ireland,2016,86.91,10.8,32.1,23,62.737,0.925027049,73,58060,8.4,0.0659
Ireland,2017,88.37,10.4,30,23,62.947,1.119246635,74,63960,6.7,0.0919
Ireland,2018,89.11,9.7,29.6,23,63.17,0.83052746,73,68530,5.8,0.0672
Ireland,2019,90.59,8.9,28.6,23,63.405,0.883336919,74,73230,5,0.0627
Ireland,2020,91.82,9.9,24.4,22,63.653,0.939558041,72,75820,5.9,0.0898
Ireland,2021,97.5,9.4,23.3,23,63.912,0.967298742,74,88070,6.2,-0.0107
Ireland,2022,87.481,10.1,24,23,64.183,1.098748839,77,100140,4.5,0.0157
Italy,2012,62.92,21.6,60.5,21,68.684,1.908869412,42,27130,10.9,0.2773
Italy,2013,68.91,21.1,60.2,21.5,68.979,2.057793666,43,26880,12.4,0.2908
Italy,2014,72.61,20.8,59.9,22,69.272,1.908482131,43,27120,12.9,0.2767
Italy,2015,75.39,20.6,60.1,22,69.565,1.991525528,44,27620,12,0.2591
Italy,2016,78.51,20.2,59.5,22,69.855,1.849152483,47,28360,11.7,0.2557
Italy,2017,81.02,19.8,59.6,22,70.144,1.893432648,50,29070,11.3,0.2238
Italy,2018,84.34,19.5,59.6,22,70.438,1.857556126,52,29690,10.6,0.2164
Italy,2019,85.17,18.7,59.2,22,70.736,1.818668799,53,30200,9.9,0.2078
Italy,2020,88.1,20.4,57.4,22,71.039,1.928016202,53,28100,9.3,0.2072
Italy,2021,90.49,20.2,55.8,22,71.346,1.833392908,56,31160,9.5,0.1087
Italy,2022,91.45,20.3,57.9,22,71.657,1.890371751,56,33860,8.1,0.1055
Latvia,2012,68.68,26.1,58.3,21.5,67.897,3.53285388,49,10460,15.1,0.2675
Latvia,2013,71.6,25.5,60.1,21,67.925,3.212086904,53,10930,11.9,0.271
Latvia,2014,73.38,24.7,58.7,21,67.952,3.61639639,55,11430,10.9,0.2356
Latvia,2015,76,23.6,57.5,21,67.98,3.554450185,56,12010,9.9,0.2318
Latvia,2016,77.34,22.9,58.4,21,68.021,3.32532539,57,12500,9.7,0.1587
Latvia,2017,78.61,21.3,58.1,21,68.075,3.624762118,58,13400,8.7,0.1729
Latvia,2018,81.58,20.2,57,21,68.142,3.66104778,58,14620,7.4,0.1334
Latvia,2019,85.45,19.8,56.1,21,68.222,3.853434442,56,15450,6.3,0.106
Latvia,2020,89.73,20.9,54.2,21,68.315,4.079181942,57,15370,8.1,0.1241
Latvia,2021,91.15,20.2,54.4,21,68.421,4.206722515,59,17130,7.6,0.1023
Latvia,2022,91.39,19.9,58.3,21,68.54,5.078001395,59,19130,6.9,0.0505
Lithuania,2012,60.12,28.5,61.3,21,66.864,4.000074488,54,11120,13.4,0.3101
Lithuania,2013,64.73,28,61.1,21,66.986,3.534358106,57,11780,11.8,0.3103
Lithuania,2014,65.97,27.1,60.9,21,67.108,3.440160841,58,12400,10.7,0.3022
Lithuania,2015,68.26,25.8,61,21,67.23,3.436718648,59,12860,9.1,0.2694
Lithuania,2016,71.75,24.9,61.8,21,67.366,3.120618961,59,13490,7.9,0.2611
Lithuania,2017,74.97,23.8,60.7,21,67.516,3.549336337,59,14870,7.1,0.2521
Lithuania,2018,78.38,23,59.4,21,67.679,2.886857267,59,16300,6.2,0.2404
Lithuania,2019,81.52,21.9,58.2,21,67.855,3.124047444,60,17520,6.3,0.2087
Lithuania,2020,82.13,23.1,55.8,21,68.046,3.532419939,60,17890,8.5,0.2029
Lithuania,2021,86.55,22.9,56,21,68.249,3.395821238,61,20190,7.1,0.1572
Lithuania,2022,87.71,22.4,57.1,21,68.465,3.927938291,62,23690,6,0.1462
Luxembourg,2012,93.08,8.2,32.4,15,89.249,0.2879515,80,87540,5.1,0.0862
Luxembourg,2013,94.46,8,31.4,15,89.574,0.261907197,80,90030,5.9,0.0981
Luxembourg,2014,95.56,8.1,30.9,15,89.884,0.289550439,82,92760,5.9,0.1012
Luxembourg,2015,96.78,8.3,30.7,17,90.179,0.223732629,85,95090,6.7,0.0911
Luxembourg,2016,97.04,8.4,30.7,17,90.46,0.214197008,81,96230,6.3,0.1008
Luxembourg,2017,97.23,8.2,31.2,17,90.727,0.23457255,82,97440,5.5,0.0383
Luxembourg,2018,92.99,7.9,31.7,17,90.981,0.233738394,81,98870,5.6,0.0809
Luxembourg,2019,95.2,7.4,31.5,17,91.223,0.214828063,80,100420,5.6,0.0523
Luxembourg,2020,93.57,8.6,28.2,17,91.453,0.200416312,80,102190,6.8,0.0846
Luxembourg,2021,99.18,8.4,28.2,17,91.672,0.194861687,81,113920,5.3,0.0736
Luxembourg,2022,97.64,8.3,30.2,16,91.881,0.242167478,77,117100,4.6,0.037
Malta,2012,76.7,25.3,57.6,18,94.211,1.090987269,57,17820,6.2,0.3285
Malta,2013,78.04,24.3,55.4,18,94.279,1.019757525,56,19120,6.1,0.3197
Malta,2014,80.32,24,52.2,18,94.347,1.001290145,55,20620,5.7,0.3307
Malta,2015,81,24.3,48,18,94.414,0.941161443,60,23000,5.4,0.2358
Malta,2016,81.41,24,46.8,18,94.48,1.010645391,55,23900,4.7,0.2456
Malta,2017,84.77,23.6,43.6,18,94.546,0.675668841,56,26820,4,0.2235
Malta,2018,84.14,23.2,44.4,18,94.612,0.622140405,54,28240,4,0.2338
Malta,2019,86.08,22,44.8,18,94.678,0.472106688,54,28920,4.1,0.2747
Malta,2020,90.36,23.5,41,18,94.744,0.726666972,53,27870,4.9,0.268
Malta,2021,90.54,23.1,39.5,18,94.81,0.829927548,54,32190,3.8,0.255
Malta,2022,93.39,23.4,42.4,18,94.875,0.77066255,51,33810,3.5,0.2589
Netherlands,2012,93.55,9.8,44.9,20,88.588,1.696970065,84,39290,6.8,0.1292
Netherlands,2013,94.63,9.5,45,21,89.187,1.844742903,83,39610,8.2,0.1368
Netherlands,2014,95.78,9.1,44.8,21,89.69,1.800989351,83,40240,8.4,0.1265
Netherlands,2015,95.97,9.2,44.5,21,90.173,1.805985626,84,41270,7.9,0.1372
Netherlands,2016,96.66,9,44,21,90.635,1.863991391,83,42290,7,0.089
Netherlands,2017,98.23,8.8,44.1,21,91.077,1.967874214,82,43830,5.9,0.0967
Netherlands,2018,98,7.5,43.9,21,91.49,1.75987237,82,45690,4.9,0.1075
Netherlands,2019,98.41,7,43.1,21,91.876,1.75880699,82,47840,4.4,0.1105
Netherlands,2020,96.95,8.1,41.9,21,92.236,1.737372055,82,46810,4.9,0.0888
Netherlands,2021,98.56,7.8,41.9,21,92.572,1.654646402,82,50850,4.2,0.0525
Netherlands,2022,98.28,8.2,43.3,21,92.886,1.641947234,80,56140,3.5,0.0789
Poland,2012,70.49,24.4,61.1,23,60.654,2.985621134,58,10190,10.4,0.2799
Poland,2013,71.9,23.8,60.6,23,60.529,3.226525369,60,10260,10.6,0.2753
Poland,2014,74.76,23.5,59.8,23,60.403,2.971199022,61,10750,9.2,0.2537
Poland,2015,75.78,23.3,58.5,23,60.278,2.483636942,63,11390,7.7,0.256
Poland,2016,80.45,23,58.4,23,60.178,2.623796866,62,11270,6.3,0.213
Poland,2017,81.88,22.2,59,23,60.105,2.98537286,60,12360,5,0.1667
Poland,2018,84.19,21.7,58.2,23,60.058,2.415641369,60,13280,3.9,0.1417
Poland,2019,86.75,20.7,57,23,60.037,2.370297447,58,14190,3.3,0.1388
Poland,2020,90.38,22.5,55.8,23,60.043,2.568444236,56,14310,3.2,0.1163
Poland,2021,92.42,22,55.6,23,60.075,2.245523044,56,15770,3.4,0.0563
Poland,2022,93.33,21.9,57.1,23,60.134,2.806069304,55,17520,2.9,0.084
Portugal,2012,61.02,19.4,64.4,23,61.763,1.920046874,63,16000,16.6,0.1577
Portugal,2013,62.34,19,63.4,23,62.352,2.041887065,62,16300,17.2,0.16
Portugal,2014,64.87,18.7,64.1,23,62.936,1.976591015,63,16620,14.6,0.1406
Portugal,2015,70.23,17.6,63.4,23,63.514,1.975412501,64,17280,13,0.13
Portugal,2016,74.05,17.2,63.3,23,64.086,1.922358408,62,18000,11.5,0.1219
Portugal,2017,76.94,16.6,62.5,23,64.652,1.963673452,63,18910,9.2,0.1023
Portugal,2018,79.43,16.1,62.1,23,65.211,1.918174709,64,19840,7.2,0.0946
Portugal,2019,80.94,15.4,62.1,23,65.764,1.999918458,62,20710,6.6,0.0855
Portugal,2020,84.49,17,62,23,66.31,2.140896925,61,19360,7.1,0.0719
Portugal,2021,87.34,16.5,61.7,23,66.849,2.162046298,62,20800,6.7,0.0405
Portugal,2022,88.15,15.7,62,23,67.381,1.905436778,62,23300,6.2,0.013
Romania,2012,53.77,29.1,63.1,24,53.974,4.540797248,44,6940,8.7,0.3657
Romania,2013,58.07,28.4,60.9,24,53.937,5.509725569,43,7150,9,0.3686
Romania,2014,60.54,28.1,60.2,24,53.9,4.948340945,43,7560,8.6,0.3929
Romania,2015,67.71,28,60.4,24,53.887,4.425929684,46,8090,8.4,0.3354
Romania,2016,72.4,27.6,61.2,20,53.9,4.292175373,48,8500,7.2,0.3594
Romania,2017,76.45,26.3,62,19,53.936,4.438842837,48,9510,6.1,0.3574
Romania,2018,80.89,26.7,62.9,19,53.998,4.495038505,47,10510,5.3,0.328
Romania,2019,83.61,26.9,61.4,19,54.084,4.299220899,44,11520,4.9,0.347
Romania,2020,86.24,29.3,60.3,19,54.194,4.06478169,44,11390,6.1,0.3635
Romania,2021,88.74,28.9,60.7,19,54.329,4.605652945,45,12590,5.6,0.3482
Romania,2022,89.41,29,62.5,19,54.489,3.812904387,46,14740,5.6,0.3059
Slovakia,2012,75.44,15.5,54.4,20,54.28,1.794633047,46,13640,13.9,0.3496
Slovakia,2013,77.91,15,53.5,20,54.14,2.074325556,47,13790,14.1,0.2965
Slovakia,2014,78.35,14.6,53.1,20,54,2.614927974,50,14130,13.1,0.2786
Slovakia,2015,79.48,14.1,52.1,20,53.889,2.04596984,51,14820,11.5,0.2495
Slovakia,2016,80.52,13.7,53,20,53.806,2.062642189,51,15030,9.6,0.1999
Slovakia,2017,81.33,13,54.7,20,53.751,1.848141669,50,15620,8.1,0.1688
Slovakia,2018,80.84,12.8,54.5,20,53.726,2.009329162,50,16580,6.5,0.1632
Slovakia,2019,82.19,12.2,54.8,20,53.729,1.617009713,50,17340,5.7,0.1637
Slovakia,2020,85.78,14,56.5,20,53.76,1.729178243,49,17270,6.7,0.1559
Slovakia,2021,89.96,13.7,55.6,20,53.82,1.8732018,52,18730,6.8,0.1375
Slovakia,2022,90.65,13.1,60.2,20,53.909,1.929985964,53,20150,6.1,0.1462
Slovenia,2012,73.94,23.6,56.3,20,53.108,1.826013541,61,17470,8.9,0.0954
Slovenia,2013,75.62,23.1,54.7,21,53.332,1.830770822,57,17500,10.1,0.0593
Slovenia,2014,76.8,23.5,53.4,22,53.557,1.821354898,58,18080,9.7,0.0985
Slovenia,2015,77.64,23.3,52.6,22,53.781,1.973611865,60,18660,9,0.0802
Slovenia,2016,78.42,23.1,52.4,22,54.02,1.851296155,61,19380,8,0.0556
Slovenia,2017,81.74,22.4,51.2,22,54.273,1.693036733,61,20630,6.6,0.0403
Slovenia,2018,86.68,22.2,50.6,22,54.541,1.991342963,60,21940,5.1,0.045
Slovenia,2019,88.96,21.5,51.1,22,54.822,1.770406517,60,23050,4.4,0.0558
Slovenia,2020,89.97,23.1,49.2,22,55.118,1.897297141,60,22230,5,0.0533
Slovenia,2021,93.04,22.5,50.8,22,55.427,1.511249543,57,24690,4.8,0.0356
Slovenia,2022,92.6,22.1,52.8,22,55.751,1.710232008,56,26970,4,0.0917
Spain,2012,66.59,19.2,58.5,19.5,78.902,2.397766718,65,22160,24.8,0.1263
Spain,2013,69.73,18.6,57.9,21,79.133,2.609462079,59,22020,26.1,0.1446
Spain,2014,74.35,18.5,58.2,21,79.366,2.526976781,60,22380,24.5,0.1115
Spain,2015,78.75,18.2,57.2,21,79.602,2.723270463,58,23440,22.1,0.0717
Spain,2016,81.93,17.9,57,21,79.84,2.81522075,58,24190,19.6,0.0724
Spain,2017,83.39,17.2,57.3,21,80.08,2.803446767,57,25160,17.2,0.0769
Spain,2018,86.36,16.6,57.1,21,80.321,2.701282546,58,25950,15.3,0.0647
Spain,2019,91.44,15.4,56.3,21,80.565,2.51980123,62,26620,14.1,0.0786
Spain,2020,95.38,17.4,55,21,80.81,2.784680318,62,23850,15.5,0.0606
Spain,2021,95.92,16.9,55,21,81.056,2.768249271,61,26090,14.9,0.0411
Spain,2022,96.08,15.8,55.2,21,81.304,2.309575584,60,28790,13,0.0459
Sweden,2012,91.69,14.3,46.6,25,85.62,1.252566779,88,44960,8.1,0.074
Sweden,2013,92.59,13.9,46.7,25,85.936,1.230619549,89,45820,8.1,0.0413
Sweden,2014,89.57,13.6,46.5,25,86.247,1.251588485,87,44930,8,0.0392
Sweden,2015,91.03,13.2,45.9,25,86.553,1.302890415,89,46160,7.5,0.0358
Sweden,2016,93.8,12.6,45.6,25,86.852,1.274413251,88,46790,7.1,0.0231
Sweden,2017,94.73,12.1,45.6,25,87.146,1.315256888,84,47210,6.8,0.0326
Sweden,2018,93.42,11.6,45.6,25,87.431,1.279241215,85,45770,6.5,0.025
Sweden,2019,96.06,10.7,44.6,25,87.708,1.290945383,85,46110,6.9,0.0306
Sweden,2020,93.94,11.7,43.7,25,87.977,1.199666679,85,46180,8.5,0.0333
Sweden,2021,93.23,11,43.7,25,88.238,1.114920082,85,51260,8.9,0.0535
Sweden,2022,94.33,10.8,44.7,25,88.492,1.040201282,83,51980,7.5,0.0553
